dataset_code,activity,year,month,value,status,flag
tour_occ_arm,I551,2019,1,640004.0,observed,
tour_occ_arm,I551,2019,2,683287.0,observed,
tour_occ_arm,I551,2019,3,1028775.0,observed,
tour_occ_arm,I551,2019,4,1853647.0,observed,
tour_occ_arm,I551,2019,5,2996572.0,observed,
tour_occ_arm,I551,2019,6,3776270.0,observed,
tour_occ_arm,I551,2019,7,4175095.0,observed,
tour_occ_arm,I551,2019,8,4453635.0,observed,
tour_occ_arm,I551,2019,9,3647214.0,observed,
tour_occ_arm,I551,2019,10,2204539.0,observed,
tour_occ_arm,I551,2019,11,833580.0,observed,
tour_occ_arm,I551,2019,12,771148.0,observed,
tour_occ_arm,I551,2020,1,739701.0,observed,
tour_occ_arm,I551,2020,2,791018.0,observed,
tour_occ_arm,I551,2020,3,231170.0,observed,
tour_occ_arm,I551,2020,4,15797.0,observed,
tour_occ_arm,I551,2020,5,32419.0,observed,
tour_occ_arm,I551,2020,6,290003.0,observed,
tour_occ_arm,I551,2020,7,1310710.0,observed,
tour_occ_arm,I551,2020,8,2067873.0,observed,
tour_occ_arm,I551,2020,9,1409509.0,observed,
tour_occ_arm,I551,2020,10,1071628.0,observed,
tour_occ_arm,I551,2020,11,138749.0,observed,
tour_occ_arm,I551,2020,12,111385.0,observed,
tour_occ_arm,I551,2021,1,134956.0,observed,
tour_occ_arm,I551,2021,2,156722.0,observed,
tour_occ_arm,I551,2021,3,191849.0,observed,
tour_occ_arm,I551,2021,4,178395.0,observed,
tour_occ_arm,I551,2021,5,525591.0,observed,
tour_occ_arm,I551,2021,6,1538295.0,observed,
tour_occ_arm,I551,2021,7,2932920.0,observed,
tour_occ_arm,I551,2021,8,3339351.0,observed,
tour_occ_arm,I551,2021,9,2755791.0,observed,
tour_occ_arm,I551,2021,10,1784099.0,observed,
tour_occ_arm,I551,2021,11,587122.0,observed,
tour_occ_arm,I551,2021,12,470820.0,observed,
tour_occ_arm,I551,2022,1,387548.0,observed,
tour_occ_arm,I551,2022,2,444475.0,observed,
tour_occ_arm,I551,2022,3,682750.0,observed,
tour_occ_arm,I551,2022,4,1632698.0,observed,
tour_occ_arm,I551,2022,5,2782249.0,observed,
tour_occ_arm,I551,2022,6,3517757.0,observed,
tour_occ_arm,I551,2022,7,4009122.0,observed,
tour_occ_arm,I551,2022,8,4288867.0,observed,
tour_occ_arm,I551,2022,9,3486009.0,observed,
tour_occ_arm,I551,2022,10,2096500.0,observed,
tour_occ_arm,I551,2022,11,798284.0,observed,
tour_occ_arm,I551,2022,12,766824.0,observed,
tour_occ_arm,I551,2023,1,659083.0,observed,
tour_occ_arm,I551,2023,2,699344.0,observed,
tour_occ_arm,I551,2023,3,1037771.0,observed,
tour_occ_arm,I551,2023,4,1920136.0,observed,
tour_occ_arm,I551,2023,5,3139946.0,observed,
tour_occ_arm,I551,2023,6,3992256.0,observed,
tour_occ_arm,I551,2023,7,4436270.0,observed,
tour_occ_arm,I551,2023,8,4674997.0,observed,
tour_occ_arm,I551,2023,9,3857078.0,observed,
tour_occ_arm,I551,2023,10,2329508.0,observed,
tour_occ_arm,I551,2023,11,906954.0,observed,
tour_occ_arm,I551,2023,12,836866.0,observed,
tour_occ_arm,I551,2024,1,660024.0,observed,
tour_occ_arm,I551,2024,2,716059.0,observed,
tour_occ_arm,I551,2024,3,1118160.0,observed,
tour_occ_arm,I551,2024,4,1973161.0,observed,
tour_occ_arm,I551,2024,5,3243687.0,observed,
tour_occ_arm,I551,2024,6,4133260.0,observed,
tour_occ_arm,I551,2024,7,4561095.0,observed,
tour_occ_arm,I551,2024,8,4885862.0,observed,
tour_occ_arm,I551,2024,9,3973534.0,observed,
tour_occ_arm,I551,2024,10,2428041.0,observed,
tour_occ_arm,I551,2024,11,932238.0,observed,
tour_occ_arm,I551,2024,12,868983.0,observed,
tour_occ_arm,I551,2025,1,685183.0,observed,
tour_occ_arm,I551,2025,2,730264.0,observed,
tour_occ_arm,I551,2025,3,1162114.0,observed,
tour_occ_arm,I551,2025,4,2044250.0,observed,
tour_occ_arm,I551,2025,5,3316726.0,observed,
tour_occ_arm,I551,2025,6,4258038.0,observed,
tour_occ_arm,I551,2025,7,4648014.0,observed,
tour_occ_arm,I551,2025,8,4996487.0,observed,
tour_occ_arm,I551,2025,9,4034911.0,observed,
tour_occ_arm,I551,2025,10,2477439.0,observed,
tour_occ_arm,I551,2025,11,960916.0,observed,
tour_occ_arm,I551,2025,12,891397.0,observed,
tour_occ_arm,I552,2019,1,65254.0,observed,
tour_occ_arm,I552,2019,2,58136.0,observed,
tour_occ_arm,I552,2019,3,75962.0,observed,
tour_occ_arm,I552,2019,4,218369.0,observed,
tour_occ_arm,I552,2019,5,460158.0,observed,
tour_occ_arm,I552,2019,6,1044208.0,observed,
tour_occ_arm,I552,2019,7,1502043.0,observed,
tour_occ_arm,I552,2019,8,1803789.0,observed,
tour_occ_arm,I552,2019,9,956752.0,observed,
tour_occ_arm,I552,2019,10,320570.0,observed,
tour_occ_arm,I552,2019,11,79752.0,observed,
tour_occ_arm,I552,2019,12,77626.0,observed,
tour_occ_arm,I552,2020,1,71546.0,observed,
tour_occ_arm,I552,2020,2,66901.0,observed,
tour_occ_arm,I552,2020,3,39725.0,observed,
tour_occ_arm,I552,2020,4,323.0,observed,
tour_occ_arm,I552,2020,5,548.0,observed,
tour_occ_arm,I552,2020,6,67855.0,observed,
tour_occ_arm,I552,2020,7,353114.0,observed,
tour_occ_arm,I552,2020,8,623917.0,observed,
tour_occ_arm,I552,2020,9,271765.0,observed,
tour_occ_arm,I552,2020,10,138696.0,observed,
tour_occ_arm,I552,2020,11,28122.0,observed,
tour_occ_arm,I552,2020,12,23290.0,observed,
tour_occ_arm,I552,2021,1,11539.0,observed,
tour_occ_arm,I552,2021,2,12232.0,observed,
tour_occ_arm,I552,2021,3,15841.0,observed,
tour_occ_arm,I552,2021,4,14198.0,observed,
tour_occ_arm,I552,2021,5,72055.0,observed,
tour_occ_arm,I552,2021,6,348466.0,observed,
tour_occ_arm,I552,2021,7,747618.0,observed,
tour_occ_arm,I552,2021,8,987907.0,observed,
tour_occ_arm,I552,2021,9,572302.0,observed,
tour_occ_arm,I552,2021,10,240254.0,observed,
tour_occ_arm,I552,2021,11,57432.0,observed,
tour_occ_arm,I552,2021,12,53483.0,observed,
tour_occ_arm,I552,2022,1,44266.0,observed,
tour_occ_arm,I552,2022,2,44006.0,observed,
tour_occ_arm,I552,2022,3,53862.0,observed,
tour_occ_arm,I552,2022,4,177365.0,observed,
tour_occ_arm,I552,2022,5,380309.0,observed,
tour_occ_arm,I552,2022,6,892536.0,observed,
tour_occ_arm,I552,2022,7,1383923.0,observed,
tour_occ_arm,I552,2022,8,1788582.0,observed,
tour_occ_arm,I552,2022,9,901161.0,observed,
tour_occ_arm,I552,2022,10,306663.0,observed,
tour_occ_arm,I552,2022,11,67701.0,observed,
tour_occ_arm,I552,2022,12,64693.0,observed,
tour_occ_arm,I552,2023,1,63868.0,observed,
tour_occ_arm,I552,2023,2,57443.0,observed,
tour_occ_arm,I552,2023,3,76238.0,observed,
tour_occ_arm,I552,2023,4,225912.0,observed,
tour_occ_arm,I552,2023,5,451121.0,observed,
tour_occ_arm,I552,2023,6,1074687.0,observed,
tour_occ_arm,I552,2023,7,1543556.0,observed,
tour_occ_arm,I552,2023,8,1872727.0,observed,
tour_occ_arm,I552,2023,9,976830.0,observed,
tour_occ_arm,I552,2023,10,325590.0,observed,
tour_occ_arm,I552,2023,11,77447.0,observed,
tour_occ_arm,I552,2023,12,75305.0,observed,
tour_occ_arm,I552,2024,1,65332.0,observed,
tour_occ_arm,I552,2024,2,60954.0,observed,
tour_occ_arm,I552,2024,3,83221.0,observed,
tour_occ_arm,I552,2024,4,238123.0,observed,
tour_occ_arm,I552,2024,5,495993.0,observed,
tour_occ_arm,I552,2024,6,1124402.0,observed,
tour_occ_arm,I552,2024,7,1595948.0,observed,
tour_occ_arm,I552,2024,8,1973995.0,observed,
tour_occ_arm,I552,2024,9,1018555.0,observed,
tour_occ_arm,I552,2024,10,353335.0,observed,
tour_occ_arm,I552,2024,11,81845.0,observed,
tour_occ_arm,I552,2024,12,80736.0,observed,
tour_occ_arm,I552,2025,1,67653.0,observed,
tour_occ_arm,I552,2025,2,65977.0,observed,
tour_occ_arm,I552,2025,3,88179.0,observed,
tour_occ_arm,I552,2025,4,247312.0,observed,
tour_occ_arm,I552,2025,5,527910.0,observed,
tour_occ_arm,I552,2025,6,1178096.0,observed,
tour_occ_arm,I552,2025,7,1667722.0,observed,
tour_occ_arm,I552,2025,8,2076658.0,observed,
tour_occ_arm,I552,2025,9,1036143.0,observed,
tour_occ_arm,I552,2025,10,356650.0,observed,
tour_occ_arm,I552,2025,11,84152.0,observed,
tour_occ_arm,I552,2025,12,81404.0,observed,
tour_occ_nim,I551,2019,1,1363290.0,observed,
tour_occ_nim,I551,2019,2,1432081.0,observed,
tour_occ_nim,I551,2019,3,2210517.0,observed,
tour_occ_nim,I551,2019,4,5499018.0,observed,
tour_occ_nim,I551,2019,5,11748128.0,observed,
tour_occ_nim,I551,2019,6,16741941.0,observed,
tour_occ_nim,I551,2019,7,20240224.0,observed,
tour_occ_nim,I551,2019,8,21435611.0,observed,
tour_occ_nim,I551,2019,9,16309875.0,observed,
tour_occ_nim,I551,2019,10,8690461.0,observed,
tour_occ_nim,I551,2019,11,1836750.0,observed,
tour_occ_nim,I551,2019,12,1699084.0,observed,
tour_occ_nim,I551,2020,1,1489376.0,observed,
tour_occ_nim,I551,2020,2,1592958.0,observed,
tour_occ_nim,I551,2020,3,589537.0,observed,
tour_occ_nim,I551,2020,4,63072.0,observed,
tour_occ_nim,I551,2020,5,89656.0,observed,
tour_occ_nim,I551,2020,6,605938.0,observed,
tour_occ_nim,I551,2020,7,5072423.0,observed,
tour_occ_nim,I551,2020,8,9118432.0,observed,
tour_occ_nim,I551,2020,9,6308300.0,observed,
tour_occ_nim,I551,2020,10,4692570.0,observed,
tour_occ_nim,I551,2020,11,462850.0,observed,
tour_occ_nim,I551,2020,12,291052.0,observed,
tour_occ_nim,I551,2021,1,333136.0,observed,
tour_occ_nim,I551,2021,2,367681.0,observed,
tour_occ_nim,I551,2021,3,450360.0,observed,
tour_occ_nim,I551,2021,4,534759.0,observed,
tour_occ_nim,I551,2021,5,1597508.0,observed,
tour_occ_nim,I551,2021,6,5658270.0,observed,
tour_occ_nim,I551,2021,7,12784216.0,observed,
tour_occ_nim,I551,2021,8,15186016.0,observed,
tour_occ_nim,I551,2021,9,11970106.0,observed,
tour_occ_nim,I551,2021,10,7137652.0,observed,
tour_occ_nim,I551,2021,11,1384403.0,observed,
tour_occ_nim,I551,2021,12,940537.0,observed,
tour_occ_nim,I551,2022,1,773408.0,observed,
tour_occ_nim,I551,2022,2,883029.0,observed,
tour_occ_nim,I551,2022,3,1481949.0,observed,
tour_occ_nim,I551,2022,4,4324055.0,observed,
tour_occ_nim,I551,2022,5,10904413.0,observed,
tour_occ_nim,I551,2022,6,15361335.0,observed,
tour_occ_nim,I551,2022,7,19610100.0,observed,
tour_occ_nim,I551,2022,8,20778671.0,observed,
tour_occ_nim,I551,2022,9,15902643.0,observed,
tour_occ_nim,I551,2022,10,8477212.0,observed,
tour_occ_nim,I551,2022,11,1707412.0,observed,
tour_occ_nim,I551,2022,12,1696796.0,observed,
tour_occ_nim,I551,2023,1,1360361.0,observed,
tour_occ_nim,I551,2023,2,1407239.0,observed,
tour_occ_nim,I551,2023,3,2168325.0,observed,
tour_occ_nim,I551,2023,4,5542569.0,observed,
tour_occ_nim,I551,2023,5,12058677.0,observed,
tour_occ_nim,I551,2023,6,17175108.0,observed,
tour_occ_nim,I551,2023,7,21058020.0,observed,
tour_occ_nim,I551,2023,8,21997603.0,observed,
tour_occ_nim,I551,2023,9,17009174.0,observed,
tour_occ_nim,I551,2023,10,8940799.0,observed,
tour_occ_nim,I551,2023,11,1913662.0,observed,
tour_occ_nim,I551,2023,12,1866092.0,observed,
tour_occ_nim,I551,2024,1,1356200.0,observed,
tour_occ_nim,I551,2024,2,1468431.0,observed,
tour_occ_nim,I551,2024,3,2362317.0,observed,
tour_occ_nim,I551,2024,4,5673862.0,observed,
tour_occ_nim,I551,2024,5,12593343.0,observed,
tour_occ_nim,I551,2024,6,17703681.0,observed,
tour_occ_nim,I551,2024,7,21889123.0,observed,
tour_occ_nim,I551,2024,8,22906206.0,observed,
tour_occ_nim,I551,2024,9,17679658.0,observed,
tour_occ_nim,I551,2024,10,9308892.0,observed,
tour_occ_nim,I551,2024,11,1986016.0,observed,
tour_occ_nim,I551,2024,12,1950671.0,observed,
tour_occ_nim,I551,2025,1,1402144.0,observed,
tour_occ_nim,I551,2025,2,1524849.0,observed,
tour_occ_nim,I551,2025,3,2460357.0,observed,
tour_occ_nim,I551,2025,4,5889466.0,observed,
tour_occ_nim,I551,2025,5,12875345.0,observed,
tour_occ_nim,I551,2025,6,17958227.0,observed,
tour_occ_nim,I551,2025,7,22191402.0,observed,
tour_occ_nim,I551,2025,8,23319541.0,observed,
tour_occ_nim,I551,2025,9,17801991.0,observed,
tour_occ_nim,I551,2025,10,9520082.0,observed,
tour_occ_nim,I551,2025,11,2087145.0,observed,
tour_occ_nim,I551,2025,12,1977937.0,observed,
tour_occ_nim,I552,2019,1,240471.0,observed,
tour_occ_nim,I552,2019,2,191257.0,observed,
tour_occ_nim,I552,2019,3,276913.0,observed,
tour_occ_nim,I552,2019,4,894367.0,observed,
tour_occ_nim,I552,2019,5,2134683.0,observed,
tour_occ_nim,I552,2019,6,5229782.0,observed,
tour_occ_nim,I552,2019,7,7596025.0,observed,
tour_occ_nim,I552,2019,8,8696696.0,observed,
tour_occ_nim,I552,2019,9,4955043.0,observed,
tour_occ_nim,I552,2019,10,1495977.0,observed,
tour_occ_nim,I552,2019,11,296372.0,observed,
tour_occ_nim,I552,2019,12,269978.0,observed,
tour_occ_nim,I552,2020,1,249839.0,observed,
tour_occ_nim,I552,2020,2,214166.0,observed,
tour_occ_nim,I552,2020,3,110642.0,observed,
tour_occ_nim,I552,2020,4,3481.0,observed,
tour_occ_nim,I552,2020,5,4894.0,observed,
tour_occ_nim,I552,2020,6,233900.0,observed,
tour_occ_nim,I552,2020,7,1558930.0,observed,
tour_occ_nim,I552,2020,8,2784808.0,observed,
tour_occ_nim,I552,2020,9,1316645.0,observed,
tour_occ_nim,I552,2020,10,536200.0,observed,
tour_occ_nim,I552,2020,11,104344.0,observed,
tour_occ_nim,I552,2020,12,81886.0,observed,
tour_occ_nim,I552,2021,1,46487.0,observed,
tour_occ_nim,I552,2021,2,40275.0,observed,
tour_occ_nim,I552,2021,3,58800.0,observed,
tour_occ_nim,I552,2021,4,53245.0,observed,
tour_occ_nim,I552,2021,5,261838.0,observed,
tour_occ_nim,I552,2021,6,1475615.0,observed,
tour_occ_nim,I552,2021,7,3530988.0,observed,
tour_occ_nim,I552,2021,8,4597742.0,observed,
tour_occ_nim,I552,2021,9,2865635.0,observed,
tour_occ_nim,I552,2021,10,988881.0,observed,
tour_occ_nim,I552,2021,11,187941.0,observed,
tour_occ_nim,I552,2021,12,156839.0,observed,
tour_occ_nim,I552,2022,1,115858.0,observed,
tour_occ_nim,I552,2022,2,128315.0,observed,
tour_occ_nim,I552,2022,3,200822.0,observed,
tour_occ_nim,I552,2022,4,658162.0,observed,
tour_occ_nim,I552,2022,5,1677414.0,observed,
tour_occ_nim,I552,2022,6,4110274.0,observed,
tour_occ_nim,I552,2022,7,7310629.0,observed,
tour_occ_nim,I552,2022,8,8355677.0,observed,
tour_occ_nim,I552,2022,9,4588810.0,observed,
tour_occ_nim,I552,2022,10,1363623.0,observed,
tour_occ_nim,I552,2022,11,256798.0,observed,
tour_occ_nim,I552,2022,12,238695.0,observed,
tour_occ_nim,I552,2023,1,229184.0,observed,
tour_occ_nim,I552,2023,2,194134.0,observed,
tour_occ_nim,I552,2023,3,279588.0,observed,
tour_occ_nim,I552,2023,4,922590.0,observed,
tour_occ_nim,I552,2023,5,2126467.0,observed,
tour_occ_nim,I552,2023,6,5067976.0,observed,
tour_occ_nim,I552,2023,7,7822127.0,observed,
tour_occ_nim,I552,2023,8,8921435.0,observed,
tour_occ_nim,I552,2023,9,4959780.0,observed,
tour_occ_nim,I552,2023,10,1497990.0,observed,
tour_occ_nim,I552,2023,11,283745.0,observed,
tour_occ_nim,I552,2023,12,266075.0,observed,
tour_occ_nim,I552,2024,1,232070.0,observed,
tour_occ_nim,I552,2024,2,199218.0,observed,
tour_occ_nim,I552,2024,3,301553.0,observed,
tour_occ_nim,I552,2024,4,947419.0,observed,
tour_occ_nim,I552,2024,5,2300530.0,observed,
tour_occ_nim,I552,2024,6,5218905.0,observed,
tour_occ_nim,I552,2024,7,8016119.0,observed,
tour_occ_nim,I552,2024,8,9304216.0,observed,
tour_occ_nim,I552,2024,9,5169351.0,observed,
tour_occ_nim,I552,2024,10,1610672.0,observed,
tour_occ_nim,I552,2024,11,295278.0,observed,
tour_occ_nim,I552,2024,12,279567.0,observed,
tour_occ_nim,I552,2025,1,238344.0,observed,
tour_occ_nim,I552,2025,2,210328.0,observed,
tour_occ_nim,I552,2025,3,309442.0,observed,
tour_occ_nim,I552,2025,4,971483.0,observed,
tour_occ_nim,I552,2025,5,2361711.0,observed,
tour_occ_nim,I552,2025,6,5434352.0,observed,
tour_occ_nim,I552,2025,7,8276508.0,observed,
tour_occ_nim,I552,2025,8,9824138.0,observed,
tour_occ_nim,I552,2025,9,5256763.0,observed,
tour_occ_nim,I552,2025,10,1614082.0,observed,
tour_occ_nim,I552,2025,11,298585.0,observed,
tour_occ_nim,I552,2025,12,280627.0,observed,
