retrieval_date,year,geography_id,geography_name,metric,value,unit,population,value_status
2026-09-11,2019,EL30,Attica,total_arrivals,4844993.0,arrivals,hotels and similar establishments excluding tourist campsites,observed
2026-09-11,2019,EL30,Attica,total_nights,10260847.0,nights,hotels and similar establishments excluding tourist campsites,observed
2026-09-11,2019,EL41,Northern Aegean,total_arrivals,401790.0,arrivals,hotels and similar establishments excluding tourist campsites,observed
2026-09-11,2019,EL41,Northern Aegean,total_nights,2005706.0,nights,hotels and similar establishments excluding tourist campsites,observed
2026-09-11,2019,EL42,Southern Aegean,total_arrivals,5756216.0,arrivals,hotels and similar establishments excluding tourist campsites,observed
2026-09-11,2019,EL42,Southern Aegean,total_nights,30592824.0,nights,hotels and similar establishments excluding tourist campsites,observed
2026-09-11,2019,EL43,Crete,total_arrivals,5033786.0,arrivals,hotels and similar establishments excluding tourist campsites,observed
2026-09-11,2019,EL43,Crete,total_nights,27962541.0,nights,hotels and similar establishments excluding tourist campsites,observed
2026-09-11,2019,EL51,Eastern Macedonia and Thrace,total_arrivals,720197.0,arrivals,hotels and similar establishments excluding tourist campsites,observed
2026-09-11,2019,EL51,Eastern Macedonia and Thrace,total_nights,2152142.0,nights,hotels and similar establishments excluding tourist campsites,observed
2026-09-11,2019,EL52,Central Macedonia,total_arrivals,3092167.0,arrivals,hotels and similar establishments excluding tourist campsites,observed
2026-09-11,2019,EL52,Central Macedonia,total_nights,10809343.0,nights,hotels and similar establishments excluding tourist campsites,observed
2026-09-11,2019,EL53,Western Macedonia,total_arrivals,152498.0,arrivals,hotels and similar establishments excluding tourist campsites,observed
2026-09-11,2019,EL53,Western Macedonia,total_nights,312803.0,nights,hotels and similar establishments excluding tourist campsites,observed
2026-09-11,2019,EL54,Epirus,total_arrivals,611459.0,arrivals,hotels and similar establishments excluding tourist campsites,observed
2026-09-11,2019,EL54,Epirus,total_nights,1558985.0,nights,hotels and similar establishments excluding tourist campsites,observed
2026-09-11,2019,EL61,Thessaly,total_arrivals,1145714.0,arrivals,hotels and similar establishments excluding tourist campsites,observed
2026-09-11,2019,EL61,Thessaly,total_nights,2661626.0,nights,hotels and similar establishments excluding tourist campsites,observed
2026-09-11,2019,EL62,Ionian Islands,total_arrivals,2290210.0,arrivals,hotels and similar establishments excluding tourist campsites,observed
2026-09-11,2019,EL62,Ionian Islands,total_nights,12790429.0,nights,hotels and similar establishments excluding tourist campsites,observed
2026-09-11,2019,EL63,Western Greece,total_arrivals,704592.0,arrivals,hotels and similar establishments excluding tourist campsites,observed
2026-09-11,2019,EL63,Western Greece,total_nights,1999273.0,nights,hotels and similar establishments excluding tourist campsites,observed
2026-09-11,2019,EL64,Central Greece,total_arrivals,817403.0,arrivals,hotels and similar establishments excluding tourist campsites,observed
2026-09-11,2019,EL64,Central Greece,total_nights,2163593.0,nights,hotels and similar establishments excluding tourist campsites,observed
2026-09-11,2019,EL65,Peloponnese,total_arrivals,1492741.0,arrivals,hotels and similar establishments excluding tourist campsites,observed
2026-09-11,2019,EL65,Peloponnese,total_nights,3936868.0,nights,hotels and similar establishments excluding tourist campsites,observed
2026-09-11,2020,EL30,Attica,total_arrivals,1331720.0,arrivals,hotels and similar establishments excluding tourist campsites,observed
2026-09-11,2020,EL30,Attica,total_nights,2969501.0,nights,hotels and similar establishments excluding tourist campsites,observed
2026-09-11,2020,EL41,Northern Aegean,total_arrivals,93598.0,arrivals,hotels and similar establishments excluding tourist campsites,observed
2026-09-11,2020,EL41,Northern Aegean,total_nights,498509.0,nights,hotels and similar establishments excluding tourist campsites,observed
2026-09-11,2020,EL42,Southern Aegean,total_arrivals,1603500.0,arrivals,hotels and similar establishments excluding tourist campsites,observed
2026-09-11,2020,EL42,Southern Aegean,total_nights,8229958.0,nights,hotels and similar establishments excluding tourist campsites,observed
2026-09-11,2020,EL43,Crete,total_arrivals,1410617.0,arrivals,hotels and similar establishments excluding tourist campsites,observed
2026-09-11,2020,EL43,Crete,total_nights,7083131.0,nights,hotels and similar establishments excluding tourist campsites,observed
2026-09-11,2020,EL51,Eastern Macedonia and Thrace,total_arrivals,244831.0,arrivals,hotels and similar establishments excluding tourist campsites,observed
2026-09-11,2020,EL51,Eastern Macedonia and Thrace,total_nights,791918.0,nights,hotels and similar establishments excluding tourist campsites,observed
2026-09-11,2020,EL52,Central Macedonia,total_arrivals,964095.0,arrivals,hotels and similar establishments excluding tourist campsites,observed
2026-09-11,2020,EL52,Central Macedonia,total_nights,2773076.0,nights,hotels and similar establishments excluding tourist campsites,observed
2026-09-11,2020,EL53,Western Macedonia,total_arrivals,62178.0,arrivals,hotels and similar establishments excluding tourist campsites,observed
2026-09-11,2020,EL53,Western Macedonia,total_nights,140050.0,nights,hotels and similar establishments excluding tourist campsites,observed
2026-09-11,2020,EL54,Epirus,total_arrivals,270073.0,arrivals,hotels and similar establishments excluding tourist campsites,observed
2026-09-11,2020,EL54,Epirus,total_nights,638628.0,nights,hotels and similar establishments excluding tourist campsites,observed
2026-09-11,2020,EL61,Thessaly,total_arrivals,412312.0,arrivals,hotels and similar establishments excluding tourist campsites,observed
2026-09-11,2020,EL61,Thessaly,total_nights,933793.0,nights,hotels and similar establishments excluding tourist campsites,observed
2026-09-11,2020,EL62,Ionian Islands,total_arrivals,627428.0,arrivals,hotels and similar establishments excluding tourist campsites,observed
2026-09-11,2020,EL62,Ionian Islands,total_nights,3332132.0,nights,hotels and similar establishments excluding tourist campsites,observed
2026-09-11,2020,EL63,Western Greece,total_arrivals,278112.0,arrivals,hotels and similar establishments excluding tourist campsites,observed
2026-09-11,2020,EL63,Western Greece,total_nights,727800.0,nights,hotels and similar establishments excluding tourist campsites,observed
2026-09-11,2020,EL64,Central Greece,total_arrivals,309064.0,arrivals,hotels and similar establishments excluding tourist campsites,observed
2026-09-11,2020,EL64,Central Greece,total_nights,799661.0,nights,hotels and similar establishments excluding tourist campsites,observed
2026-09-11,2020,EL65,Peloponnese,total_arrivals,602434.0,arrivals,hotels and similar establishments excluding tourist campsites,observed
2026-09-11,2020,EL65,Peloponnese,total_nights,1458007.0,nights,hotels and similar establishments excluding tourist campsites,observed
2026-09-11,2021,EL30,Attica,total_arrivals,2449992.0,arrivals,hotels and similar establishments and short-stay accommodation establishments excluding tourist campsites,observed
2026-09-11,2021,EL30,Attica,total_nights,5419672.0,nights,hotels and similar establishments and short-stay accommodation establishments excluding tourist campsites,observed
2026-09-11,2021,EL41,Northern Aegean,total_arrivals,251181.0,arrivals,hotels and similar establishments and short-stay accommodation establishments excluding tourist campsites,observed
2026-09-11,2021,EL41,Northern Aegean,total_nights,1352305.0,nights,hotels and similar establishments and short-stay accommodation establishments excluding tourist campsites,observed
2026-09-11,2021,EL42,Southern Aegean,total_arrivals,4142924.0,arrivals,hotels and similar establishments and short-stay accommodation establishments excluding tourist campsites,observed
2026-09-11,2021,EL42,Southern Aegean,total_nights,19823900.0,nights,hotels and similar establishments and short-stay accommodation establishments excluding tourist campsites,observed
2026-09-11,2021,EL43,Crete,total_arrivals,3384917.0,arrivals,hotels and similar establishments and short-stay accommodation establishments excluding tourist campsites,observed
2026-09-11,2021,EL43,Crete,total_nights,17951426.0,nights,hotels and similar establishments and short-stay accommodation establishments excluding tourist campsites,observed
2026-09-11,2021,EL51,Eastern Macedonia and Thrace,total_arrivals,463132.0,arrivals,hotels and similar establishments and short-stay accommodation establishments excluding tourist campsites,observed
2026-09-11,2021,EL51,Eastern Macedonia and Thrace,total_nights,1695069.0,nights,hotels and similar establishments and short-stay accommodation establishments excluding tourist campsites,observed
2026-09-11,2021,EL52,Central Macedonia,total_arrivals,2068334.0,arrivals,hotels and similar establishments and short-stay accommodation establishments excluding tourist campsites,observed
2026-09-11,2021,EL52,Central Macedonia,total_nights,8065946.0,nights,hotels and similar establishments and short-stay accommodation establishments excluding tourist campsites,observed
2026-09-11,2021,EL53,Western Macedonia,total_arrivals,85021.0,arrivals,hotels and similar establishments and short-stay accommodation establishments excluding tourist campsites,observed
2026-09-11,2021,EL53,Western Macedonia,total_nights,183720.0,nights,hotels and similar establishments and short-stay accommodation establishments excluding tourist campsites,observed
2026-09-11,2021,EL54,Epirus,total_arrivals,485620.0,arrivals,hotels and similar establishments and short-stay accommodation establishments excluding tourist campsites,observed
2026-09-11,2021,EL54,Epirus,total_nights,1430523.0,nights,hotels and similar establishments and short-stay accommodation establishments excluding tourist campsites,observed
2026-09-11,2021,EL61,Thessaly,total_arrivals,728037.0,arrivals,hotels and similar establishments and short-stay accommodation establishments excluding tourist campsites,observed
2026-09-11,2021,EL61,Thessaly,total_nights,2071501.0,nights,hotels and similar establishments and short-stay accommodation establishments excluding tourist campsites,observed
2026-09-11,2021,EL62,Ionian Islands,total_arrivals,1689382.0,arrivals,hotels and similar establishments and short-stay accommodation establishments excluding tourist campsites,observed
2026-09-11,2021,EL62,Ionian Islands,total_nights,9184816.0,nights,hotels and similar establishments and short-stay accommodation establishments excluding tourist campsites,observed
2026-09-11,2021,EL63,Western Greece,total_arrivals,409994.0,arrivals,hotels and similar establishments and short-stay accommodation establishments excluding tourist campsites,observed
2026-09-11,2021,EL63,Western Greece,total_nights,1148247.0,nights,hotels and similar establishments and short-stay accommodation establishments excluding tourist campsites,observed
2026-09-11,2021,EL64,Central Greece,total_arrivals,530588.0,arrivals,hotels and similar establishments and short-stay accommodation establishments excluding tourist campsites,observed
2026-09-11,2021,EL64,Central Greece,total_nights,1501811.0,nights,hotels and similar establishments and short-stay accommodation establishments excluding tourist campsites,observed
2026-09-11,2021,EL65,Peloponnese,total_arrivals,1040116.0,arrivals,hotels and similar establishments and short-stay accommodation establishments excluding tourist campsites,observed
2026-09-11,2021,EL65,Peloponnese,total_nights,2779994.0,nights,hotels and similar establishments and short-stay accommodation establishments excluding tourist campsites,observed
2026-09-11,2022,EL30,Attica,total_arrivals,4647960.0,arrivals,hotels and similar establishments and short-stay accommodation establishments excluding tourist campsites,observed
2026-09-11,2022,EL30,Attica,total_nights,10294128.0,nights,hotels and similar establishments and short-stay accommodation establishments excluding tourist campsites,observed
2026-09-11,2022,EL41,Northern Aegean,total_arrivals,492633.0,arrivals,hotels and similar establishments and short-stay accommodation establishments excluding tourist campsites,observed
2026-09-11,2022,EL41,Northern Aegean,total_nights,2544399.0,nights,hotels and similar establishments and short-stay accommodation establishments excluding tourist campsites,observed
2026-09-11,2022,EL42,Southern Aegean,total_arrivals,7120294.0,arrivals,hotels and similar establishments and short-stay accommodation establishments excluding tourist campsites,observed
2026-09-11,2022,EL42,Southern Aegean,total_nights,35967164.0,nights,hotels and similar establishments and short-stay accommodation establishments excluding tourist campsites,observed
2026-09-11,2022,EL43,Crete,total_arrivals,5891501.0,arrivals,hotels and similar establishments and short-stay accommodation establishments excluding tourist campsites,observed
2026-09-11,2022,EL43,Crete,total_nights,31983935.0,nights,hotels and similar establishments and short-stay accommodation establishments excluding tourist campsites,observed
2026-09-11,2022,EL51,Eastern Macedonia and Thrace,total_arrivals,817002.0,arrivals,hotels and similar establishments and short-stay accommodation establishments excluding tourist campsites,observed
2026-09-11,2022,EL51,Eastern Macedonia and Thrace,total_nights,3010356.0,nights,hotels and similar establishments and short-stay accommodation establishments excluding tourist campsites,observed
2026-09-11,2022,EL52,Central Macedonia,total_arrivals,3779335.0,arrivals,hotels and similar establishments and short-stay accommodation establishments excluding tourist campsites,observed
2026-09-11,2022,EL52,Central Macedonia,total_nights,15117068.0,nights,hotels and similar establishments and short-stay accommodation establishments excluding tourist campsites,observed
2026-09-11,2022,EL53,Western Macedonia,total_arrivals,140786.0,arrivals,hotels and similar establishments and short-stay accommodation establishments excluding tourist campsites,observed
2026-09-11,2022,EL53,Western Macedonia,total_nights,279826.0,nights,hotels and similar establishments and short-stay accommodation establishments excluding tourist campsites,observed
2026-09-11,2022,EL54,Epirus,total_arrivals,914296.0,arrivals,hotels and similar establishments and short-stay accommodation establishments excluding tourist campsites,observed
2026-09-11,2022,EL54,Epirus,total_nights,2963026.0,nights,hotels and similar establishments and short-stay accommodation establishments excluding tourist campsites,observed
2026-09-11,2022,EL61,Thessaly,total_arrivals,1228596.0,arrivals,hotels and similar establishments and short-stay accommodation establishments excluding tourist campsites,observed
2026-09-11,2022,EL61,Thessaly,total_nights,3573616.0,nights,hotels and similar establishments and short-stay accommodation establishments excluding tourist campsites,observed
2026-09-11,2022,EL62,Ionian Islands,total_arrivals,2762463.0,arrivals,hotels and similar establishments and short-stay accommodation establishments excluding tourist campsites,observed
2026-09-11,2022,EL62,Ionian Islands,total_nights,16400462.0,nights,hotels and similar establishments and short-stay accommodation establishments excluding tourist campsites,observed
2026-09-11,2022,EL63,Western Greece,total_arrivals,728876.0,arrivals,hotels and similar establishments and short-stay accommodation establishments excluding tourist campsites,observed
2026-09-11,2022,EL63,Western Greece,total_nights,1930338.0,nights,hotels and similar establishments and short-stay accommodation establishments excluding tourist campsites,observed
2026-09-11,2022,EL64,Central Greece,total_arrivals,881656.0,arrivals,hotels and similar establishments and short-stay accommodation establishments excluding tourist campsites,observed
2026-09-11,2022,EL64,Central Greece,total_nights,2473480.0,nights,hotels and similar establishments and short-stay accommodation establishments excluding tourist campsites,observed
2026-09-11,2022,EL65,Peloponnese,total_arrivals,1592752.0,arrivals,hotels and similar establishments and short-stay accommodation establishments excluding tourist campsites,observed
2026-09-11,2022,EL65,Peloponnese,total_nights,4368302.0,nights,hotels and similar establishments and short-stay accommodation establishments excluding tourist campsites,observed
2026-09-11,2023,EL30,Attica,total_arrivals,5563680.0,arrivals,hotels and similar establishments and short-stay accommodation establishments excluding tourist campsites,observed
2026-09-11,2023,EL30,Attica,total_nights,12380957.0,nights,hotels and similar establishments and short-stay accommodation establishments excluding tourist campsites,observed
2026-09-11,2023,EL41,Northern Aegean,total_arrivals,574098.0,arrivals,hotels and similar establishments and short-stay accommodation establishments excluding tourist campsites,observed
2026-09-11,2023,EL41,Northern Aegean,total_nights,2838330.0,nights,hotels and similar establishments and short-stay accommodation establishments excluding tourist campsites,observed
2026-09-11,2023,EL42,Southern Aegean,total_arrivals,7979297.0,arrivals,hotels and similar establishments and short-stay accommodation establishments excluding tourist campsites,observed
2026-09-11,2023,EL42,Southern Aegean,total_nights,38138389.0,nights,hotels and similar establishments and short-stay accommodation establishments excluding tourist campsites,observed
2026-09-11,2023,EL43,Crete,total_arrivals,6310701.0,arrivals,hotels and similar establishments and short-stay accommodation establishments excluding tourist campsites,observed
2026-09-11,2023,EL43,Crete,total_nights,34294729.0,nights,hotels and similar establishments and short-stay accommodation establishments excluding tourist campsites,observed
2026-09-11,2023,EL51,Eastern Macedonia and Thrace,total_arrivals,990949.0,arrivals,hotels and similar establishments and short-stay accommodation establishments excluding tourist campsites,observed
2026-09-11,2023,EL51,Eastern Macedonia and Thrace,total_nights,3644975.0,nights,hotels and similar establishments and short-stay accommodation establishments excluding tourist campsites,observed
2026-09-11,2023,EL52,Central Macedonia,total_arrivals,4185855.0,arrivals,hotels and similar establishments and short-stay accommodation establishments excluding tourist campsites,observed
2026-09-11,2023,EL52,Central Macedonia,total_nights,16223226.0,nights,hotels and similar establishments and short-stay accommodation establishments excluding tourist campsites,observed
2026-09-11,2023,EL53,Western Macedonia,total_arrivals,173390.0,arrivals,hotels and similar establishments and short-stay accommodation establishments excluding tourist campsites,observed
2026-09-11,2023,EL53,Western Macedonia,total_nights,345477.0,nights,hotels and similar establishments and short-stay accommodation establishments excluding tourist campsites,observed
2026-09-11,2023,EL54,Epirus,total_arrivals,965498.0,arrivals,hotels and similar establishments and short-stay accommodation establishments excluding tourist campsites,observed
2026-09-11,2023,EL54,Epirus,total_nights,2876455.0,nights,hotels and similar establishments and short-stay accommodation establishments excluding tourist campsites,observed
2026-09-11,2023,EL61,Thessaly,total_arrivals,1366393.0,arrivals,hotels and similar establishments and short-stay accommodation establishments excluding tourist campsites,observed
2026-09-11,2023,EL61,Thessaly,total_nights,4036792.0,nights,hotels and similar establishments and short-stay accommodation establishments excluding tourist campsites,observed
2026-09-11,2023,EL62,Ionian Islands,total_arrivals,3306561.0,arrivals,hotels and similar establishments and short-stay accommodation establishments excluding tourist campsites,observed
2026-09-11,2023,EL62,Ionian Islands,total_nights,19639380.0,nights,hotels and similar establishments and short-stay accommodation establishments excluding tourist campsites,observed
2026-09-11,2023,EL63,Western Greece,total_arrivals,914251.0,arrivals,hotels and similar establishments and short-stay accommodation establishments excluding tourist campsites,observed
2026-09-11,2023,EL63,Western Greece,total_nights,2321286.0,nights,hotels and similar establishments and short-stay accommodation establishments excluding tourist campsites,observed
2026-09-11,2023,EL64,Central Greece,total_arrivals,1019579.0,arrivals,hotels and similar establishments and short-stay accommodation establishments excluding tourist campsites,observed
2026-09-11,2023,EL64,Central Greece,total_nights,2911970.0,nights,hotels and similar establishments and short-stay accommodation establishments excluding tourist campsites,observed
2026-09-11,2023,EL65,Peloponnese,total_arrivals,1960681.0,arrivals,hotels and similar establishments and short-stay accommodation establishments excluding tourist campsites,observed
2026-09-11,2023,EL65,Peloponnese,total_nights,5416754.0,nights,hotels and similar establishments and short-stay accommodation establishments excluding tourist campsites,observed
2026-09-11,2024,EL30,Attica,total_arrivals,5749800.0,arrivals,hotels and similar establishments and short-stay accommodation establishments excluding tourist campsites,observed
2026-09-11,2024,EL30,Attica,total_nights,12713861.0,nights,hotels and similar establishments and short-stay accommodation establishments excluding tourist campsites,observed
2026-09-11,2024,EL41,Northern Aegean,total_arrivals,632342.0,arrivals,hotels and similar establishments and short-stay accommodation establishments excluding tourist campsites,observed
2026-09-11,2024,EL41,Northern Aegean,total_nights,2982473.0,nights,hotels and similar establishments and short-stay accommodation establishments excluding tourist campsites,observed
2026-09-11,2024,EL42,Southern Aegean,total_arrivals,8425725.0,arrivals,hotels and similar establishments and short-stay accommodation establishments excluding tourist campsites,observed
2026-09-11,2024,EL42,Southern Aegean,total_nights,41284529.0,nights,hotels and similar establishments and short-stay accommodation establishments excluding tourist campsites,observed
2026-09-11,2024,EL43,Crete,total_arrivals,6422482.0,arrivals,hotels and similar establishments and short-stay accommodation establishments excluding tourist campsites,observed
2026-09-11,2024,EL43,Crete,total_nights,34490721.0,nights,hotels and similar establishments and short-stay accommodation establishments excluding tourist campsites,observed
2026-09-11,2024,EL51,Eastern Macedonia and Thrace,total_arrivals,1040463.0,arrivals,hotels and similar establishments and short-stay accommodation establishments excluding tourist campsites,observed
2026-09-11,2024,EL51,Eastern Macedonia and Thrace,total_nights,3642032.0,nights,hotels and similar establishments and short-stay accommodation establishments excluding tourist campsites,observed
2026-09-11,2024,EL52,Central Macedonia,total_arrivals,4428987.0,arrivals,hotels and similar establishments and short-stay accommodation establishments excluding tourist campsites,observed
2026-09-11,2024,EL52,Central Macedonia,total_nights,17184700.0,nights,hotels and similar establishments and short-stay accommodation establishments excluding tourist campsites,observed
2026-09-11,2024,EL53,Western Macedonia,total_arrivals,171798.0,arrivals,hotels and similar establishments and short-stay accommodation establishments excluding tourist campsites,observed
2026-09-11,2024,EL53,Western Macedonia,total_nights,342558.0,nights,hotels and similar establishments and short-stay accommodation establishments excluding tourist campsites,observed
2026-09-11,2024,EL54,Epirus,total_arrivals,968997.0,arrivals,hotels and similar establishments and short-stay accommodation establishments excluding tourist campsites,observed
2026-09-11,2024,EL54,Epirus,total_nights,2971413.0,nights,hotels and similar establishments and short-stay accommodation establishments excluding tourist campsites,observed
2026-09-11,2024,EL61,Thessaly,total_arrivals,1387198.0,arrivals,hotels and similar establishments and short-stay accommodation establishments excluding tourist campsites,observed
2026-09-11,2024,EL61,Thessaly,total_nights,4004024.0,nights,hotels and similar establishments and short-stay accommodation establishments excluding tourist campsites,observed
2026-09-11,2024,EL62,Ionian Islands,total_arrivals,3494289.0,arrivals,hotels and similar establishments and short-stay accommodation establishments excluding tourist campsites,observed
2026-09-11,2024,EL62,Ionian Islands,total_nights,20420290.0,nights,hotels and similar establishments and short-stay accommodation establishments excluding tourist campsites,observed
2026-09-11,2024,EL63,Western Greece,total_arrivals,913008.0,arrivals,hotels and similar establishments and short-stay accommodation establishments excluding tourist campsites,observed
2026-09-11,2024,EL63,Western Greece,total_nights,2277746.0,nights,hotels and similar establishments and short-stay accommodation establishments excluding tourist campsites,observed
2026-09-11,2024,EL64,Central Greece,total_arrivals,1018386.0,arrivals,hotels and similar establishments and short-stay accommodation establishments excluding tourist campsites,observed
2026-09-11,2024,EL64,Central Greece,total_nights,2871010.0,nights,hotels and similar establishments and short-stay accommodation establishments excluding tourist campsites,observed
2026-09-11,2024,EL65,Peloponnese,total_arrivals,2013068.0,arrivals,hotels and similar establishments and short-stay accommodation establishments excluding tourist campsites,observed
2026-09-11,2024,EL65,Peloponnese,total_nights,5567941.0,nights,hotels and similar establishments and short-stay accommodation establishments excluding tourist campsites,observed
